Date,Open,Close,High,Low,Volume
2022-09-01 08:00:00,19901.83003837,20090.43248359,20126.55076793,19831.0,1025.40150095
2022-09-01 12:00:00,20091.43395074,19781.87961146,20100.0,19654.0,2751.64220199
2022-09-01 16:00:00,19781.87961146,19883.0,19944.0,19581.0,733.40340775
2022-09-01 20:00:00,19884.0,20144.0,20184.0,19858.0,533.36871372
2022-09-02 00:00:00,20142.41710996,20170.0,20261.26794759,19952.0,405.15697572
2022-09-02 04:00:00,20165.34687982,20120.0,20298.0,20050.16780783,361.45420557
2022-09-02 08:00:00,20122.90781914,20100.85915204,20176.0,20003.0,383.60602173
2022-09-02 12:00:00,20102.85834237,20359.83217031,20441.42260626,20044.0,2459.53342277
2022-09-02 16:00:00,20359.79769525,19916.0,20384.8358686,19764.0,2338.69175298
2022-09-02 20:00:00,19916.0,19970.0,20038.0,19872.08639637,347.19036216
2022-09-03 00:00:00,19969.84380935,19913.0,20063.72915111,19885.0,144.30680049
2022-09-03 04:00:00,19912.0,19828.0,19978.0,19758.0,235.04997897
2022-09-03 08:00:00,19827.25468693,19810.0,19880.0,19735.0,214.16003863
2022-09-03 12:00:00,19809.42442193,19783.0,19908.0,19757.0326114,121.34580447
2022-09-03 16:00:00,19783.0,19703.96289177,19843.0,19646.41290961,842.96533067
2022-09-03 20:00:00,19703.26114015,19835.0,19845.0,19684.0,88.52919763
2022-09-04 00:00:00,19833.70674633,19768.98182723,19857.04584432,19750.0,252.85535614
2022-09-04 04:00:00,19769.0,19638.0,19809.0,19627.0,123.82074968
2022-09-04 08:00:00,19636.0,19838.0,19850.0,19589.0,293.67199336
2022-09-04 12:00:00,19849.0,19782.0,19945.0,19650.0,316.66820082
2022-09-04 16:00:00,19787.0,19865.57132188,19950.0,19727.0,340.23500859
2022-09-04 20:00:00,19876.0,20003.0,20039.0,19800.2590965,714.50948785
2022-09-05 00:00:00,20004.0,19889.60977945,20060.0,19820.0,279.30090979
2022-09-05 04:00:00,19890.0,19756.88121721,19911.0,19691.0,757.19562832
2022-09-05 08:00:00,19756.13505298,19696.00248443,19798.0,19637.0,340.54487242
2022-09-05 12:00:00,19697.0,19855.0,19965.0,19669.49770195,457.90182492
2022-09-05 16:00:00,19854.0,19706.0,19909.0,19672.0,148.25898184
2022-09-05 20:00:00,19711.74055498,19788.90905518,19867.0262484,19701.0,262.76795235000003
2022-09-06 00:00:00,19789.0,19787.0,20183.0,19684.0,704.84388573
2022-09-06 04:00:00,19790.0,19906.0,19945.0,19736.88015035,980.87870942
2022-09-06 08:00:00,19906.29163361,19914.36835691,20015.0,19862.0,1168.45447589
2022-09-06 12:00:00,19914.36835691,19811.0,19989.0,19663.0,2394.52083846
2022-09-06 16:00:00,19811.42826,18824.26120361,19845.0,18780.0,5587.6932744
2022-09-06 20:00:00,18823.44784553,18794.0,19053.0,18675.0,1280.12715765
2022-09-07 00:00:00,18794.0,18739.0,18862.85096915,18549.0,1450.04194889
2022-09-07 04:00:00,18742.15700805,18794.06096576,18837.09037,18680.0,309.59807376
2022-09-07 08:00:00,18794.06096576,18743.91359154,18857.0,18703.0,918.25340182
2022-09-07 12:00:00,18743.0,18880.62303908,19005.0,18677.24921314,1527.46491009
2022-09-07 16:00:00,18881.0,18999.0,19302.0,18860.45412719,962.10254881
2022-09-07 20:00:00,18999.47547107,19286.0,19463.0,18996.49287819,1020.11515734
2022-09-08 00:00:00,19286.0,19212.47423246,19374.82366895,19149.0,180.8648434
2022-09-08 04:00:00,19212.57944715,19174.0,19378.49634869,19057.0,581.80927574
2022-09-08 08:00:00,19174.30938239,19316.0,19393.0,19143.08391947,892.6110786200001
2022-09-08 12:00:00,19315.67173033,19247.08989222,19369.77774185,19029.17130173,5821.15664328
2022-09-08 16:00:00,19248.0,19343.93238076,19343.93238076,19100.39450337,487.13605737
2022-09-08 20:00:00,19345.0,19321.99343392,19460.0,19260.0,260.83002557
2022-09-09 00:00:00,19323.45389847,19945.00882753,19960.0,19304.35664047,1063.11696151
2022-09-09 04:00:00,19951.95508089,20640.0,20830.0,19937.62711198,4136.5046825
2022-09-09 08:00:00,20641.98587134,20965.0,21216.48419024,20640.0,2158.89864872
2022-09-09 12:00:00,20964.15773624,21274.0,21337.0,20938.22150073,2692.78128394
2022-09-09 16:00:00,21274.0,21298.0,21429.0,21136.0,756.20307573
2022-09-09 20:00:00,21302.0,21373.0,21590.0,21206.0,1185.04201687
2022-09-10 00:00:00,21373.0,21317.0,21392.0,21179.0,191.4815381
2022-09-10 04:00:00,21313.90567091,21285.0,21665.0,21259.0,618.57871428
2022-09-10 08:00:00,21291.0,21299.50635386,21395.0,21275.0,1156.32242074
2022-09-10 12:00:00,21300.0,21230.0,21369.0,21139.0,1435.59134976
2022-09-10 16:00:00,21228.66141915,21589.45237501,21641.0,21185.0,250.92771974000001
2022-09-10 20:00:00,21589.45237501,21656.0,21802.0,21373.0,1717.45058125
2022-09-11 00:00:00,21654.41794906,21553.693,21688.0,21461.0,214.26012893
2022-09-11 04:00:00,21552.32918984,21609.0,21642.0,21359.0,287.12835206
2022-09-11 08:00:00,21609.06028306,21617.0,21723.4704,21565.0,266.91414094
2022-09-11 12:00:00,21614.97456482,21643.0,21752.0,21469.0,151.45834823
2022-09-11 16:00:00,21647.0,21620.99504438,21843.0,21532.0,408.49871692
2022-09-11 20:00:00,21620.99504438,21834.0,21854.0,21471.0,914.42693586
2022-09-12 00:00:00,21832.92465912,21656.0,22350.0,21553.0,2139.47385974
2022-09-12 04:00:00,21657.67795046,22205.0,22237.0,21636.0,1088.8967473
2022-09-12 08:00:00,22201.60485686,22313.39088003,22450.0,21973.0,1475.55053062
2022-09-12 12:00:00,22314.0,22121.0,22480.0,22017.0,2186.26228471
2022-09-12 16:00:00,22115.0,22419.0,22447.0,22016.0,558.55980088
2022-09-12 20:00:00,22425.0,22395.0,22474.0,22250.0,387.44149535
2022-09-13 00:00:00,22395.0,22224.0,22439.0,22072.0,808.86943038
2022-09-13 04:00:00,22225.37394326,22267.51234253,22626.0,22181.0,1959.54587679
2022-09-13 08:00:00,22268.0,22538.0,22712.0,22188.0,979.91807141
2022-09-13 12:00:00,22531.0,20833.0,22794.0,20777.0,8007.52665548
2022-09-13 16:00:00,20838.0,20292.0,20943.0,20066.0,2849.23639371
2022-09-13 20:00:00,20292.0,20175.11037941,20420.0,19883.0,1451.79684837
2022-09-14 00:00:00,20177.0,20320.0,20536.0,20061.0,1165.69452362
2022-09-14 04:00:00,20320.0,20252.88631107,20407.0,20131.0,1607.7295003899999
2022-09-14 08:00:00,20251.90949705,20224.20049963,20424.0,20073.0,1471.45956612
2022-09-14 12:00:00,20227.0,20187.8990605,20402.0,20078.0,1476.58934757
2022-09-14 16:00:00,20186.8990655,19960.0,20239.0,19624.0,1634.18619619
2022-09-14 20:00:00,19955.0,20234.10830414,20391.0,19860.244572,909.23367979
2022-09-15 00:00:00,20236.0,20031.0,20278.0,19922.0,374.17142215
2022-09-15 04:00:00,20030.0,20206.0,20330.0,19966.0,538.16805204
2022-09-15 08:00:00,20205.66429987,20167.90282581,20228.0,20041.0,576.16123563
2022-09-15 12:00:00,20167.90282581,19754.0,20191.0,19507.96149205,2024.31402945
2022-09-15 16:00:00,19754.0,19803.55402264,19954.0,19667.0,403.64199472
2022-09-15 20:00:00,19797.0,19714.0,19907.0,19605.25174217,310.20848697
2022-09-16 00:00:00,19717.0,19762.39734545,19818.0,19602.0,207.21847504000002
2022-09-16 04:00:00,19760.0,19738.0,19863.0,19729.0,2429.80980465
2022-09-16 08:00:00,19738.73304923,19880.0,19894.0,19625.63939314,1107.58548802
2022-09-16 12:00:00,19881.73373554,19668.0,19883.0,19431.0,1770.49917295
2022-09-16 16:00:00,19668.42217437,19633.0,19668.42217437,19347.0,1167.30547101
2022-09-16 20:00:00,19628.0,19813.31437099,19834.0,19628.0,267.08209965
2022-09-17 00:00:00,19813.0,19895.0,20073.0,19785.69349181,213.52423919
2022-09-17 04:00:00,19894.0,19861.23897399,19991.0,19800.0,2263.09847218
2022-09-17 08:00:00,19862.0,19828.0,19921.0,19814.0,4325.16913322
2022-09-17 12:00:00,19825.61073262,19983.0,20039.0,19757.0,1870.28779912
2022-09-17 16:00:00,19983.0,20020.0,20212.0,19958.53656094,4853.14845074
2022-09-17 20:00:00,20025.0,20124.67868232,20152.0,19959.0,141.28825396
2022-09-18 00:00:00,20124.67868232,20003.63141793,20125.0,19960.0,71.61810418
2022-09-18 04:00:00,20004.0,20062.0,20100.0,19966.0,49.74429329
2022-09-18 08:00:00,20063.0,19934.0884947,20104.0,19777.0,382.31307347
2022-09-18 12:00:00,19933.97214314,19817.0,20031.59139921,19737.55582734,240.4848709
2022-09-18 16:00:00,19818.0,19731.0,19879.0,19564.0,569.51017052
2022-09-18 20:00:00,19729.09924447,19417.99098587,19748.0,19350.08803832,1112.36955418
2022-09-19 00:00:00,19418.0,18783.80675285,19522.0,18695.0,4092.62777802
2022-09-19 04:00:00,18784.0,18479.0,18879.0,18256.0,1944.16437347
2022-09-19 08:00:00,18482.16227432,18697.0,18799.60688647,18392.0,2225.91083863
2022-09-19 12:00:00,18696.12504831,19094.0,19423.0,18695.0,2489.49623032
2022-09-19 16:00:00,19094.0,19524.0,19563.0,18895.0,885.54641483
2022-09-19 20:00:00,19529.0,19544.5149091,19694.0,19435.6169459,331.3700384
2022-09-20 00:00:00,19544.0,19389.0,19635.0,19191.0,2092.80083091
2022-09-20 04:00:00,19379.1592103,19366.0,19582.0,19255.0,916.4018496
2022-09-20 08:00:00,19369.88643801,19232.0,19445.0,19168.0,2308.56232397
2022-09-20 12:00:00,19232.0,19242.0,19266.0,18804.0,2513.05145366
2022-09-20 16:00:00,19245.41978978,19003.0,19319.0,18754.0,1430.18118132
2022-09-20 20:00:00,19006.0,18886.62342906,19098.0,18804.0,405.8029971
2022-09-21 00:00:00,18886.0,19037.0,19071.59199095,18845.0,378.44522507
2022-09-21 04:00:00,19034.0,18954.57540463,19137.0,18808.9445418,2009.52512981
2022-09-21 08:00:00,18954.57540463,19174.66508683,19207.0,18834.58702467,581.10423856
2022-09-21 12:00:00,19172.0,19206.49278113,19492.39207693,19099.0,782.54821023
2022-09-21 16:00:00,19206.49278113,19015.0,19981.0,18729.0,10106.90843483
2022-09-21 20:00:00,19015.0,18473.0,19079.0,18210.0,3757.31522492
2022-09-22 00:00:00,18473.0,18698.0,18790.0,18377.0,2724.13268226
2022-09-22 04:00:00,18698.0,18946.0,18972.43712542,18637.0,1489.9670822
2022-09-22 08:00:00,18944.0,19234.09742607,19283.45091306,18910.0,14684.22832697
2022-09-22 12:00:00,19236.19732807,19006.0,19316.0,18817.0,7528.76966127
2022-09-22 16:00:00,19004.62002362,19319.0,19500.0,18788.15824009,1213.59283431
2022-09-22 20:00:00,19328.0,19413.0,19524.0,19167.0,643.0387618
2022-09-23 00:00:00,19411.87732991,19400.93999087,19468.0,19245.46202267,458.36682842
2022-09-23 04:00:00,19406.83335052,19231.0,19512.0,19210.0,1865.13237638
2022-09-23 08:00:00,19231.25543531,18865.0,19273.0,18833.0,5612.81259298
2022-09-23 12:00:00,18865.0,18733.0,19084.0,18551.0,3715.91795916
2022-09-23 16:00:00,18725.0,18828.0,18861.0,18583.85851669,2058.78550746
2022-09-23 20:00:00,18824.64166567,19299.0,19405.0,18812.0,834.44946393
2022-09-24 00:00:00,19298.0,19132.66691134,19315.0,19042.0,221.01713684
2022-09-24 04:00:00,19138.0,19000.32379085,19188.0,18933.0,277.65885564
2022-09-24 08:00:00,19000.0,19063.17254799,19120.0,18953.0,152.16034
2022-09-24 12:00:00,19063.39931979,19125.06596535,19227.0,19024.0,274.7761285
2022-09-24 16:00:00,19125.86737364,19117.0,19194.0,19066.0,119.1203864
2022-09-24 20:00:00,19116.0,18935.0,19158.0,18822.0,284.33352442
2022-09-25 00:00:00,18934.0,19063.0,19069.0,18929.0,129.59460223
2022-09-25 04:00:00,19063.0,19111.84752381,19140.0,18954.58760525,92.13089545
2022-09-25 08:00:00,19112.0,19137.0,19188.0,18997.0,436.26159819000003
2022-09-25 12:00:00,19137.01030905,19019.85279262,19153.0,18858.0,369.66913288
2022-09-25 16:00:00,19012.04422352,18923.0,19138.0,18878.0,725.27024431
2022-09-25 20:00:00,18922.0,18817.0,18961.0,18646.0,2362.3885977200002
2022-09-26 00:00:00,18819.0,18883.55178104,18950.65125665,18758.0,11686.49780452
2022-09-26 04:00:00,18883.55178104,18928.0,18949.0,18694.0,8553.63740626
2022-09-26 08:00:00,18928.90010646,18879.30384586,19333.0,18827.0,10167.6822972
2022-09-26 12:00:00,18879.30384586,19137.0,19294.0,18835.0,9820.50148254
2022-09-26 16:00:00,19135.94476222,19212.0,19282.0,18980.87578883,2789.09364522
2022-09-26 20:00:00,19214.87050871,19235.0,19256.09111442,19089.0,733.19508214
2022-09-27 00:00:00,19233.0,20113.0,20327.0,19213.29064636,2039.47193367
2022-09-27 04:00:00,20115.0,20201.91661128,20373.0,19977.27162562,2455.21315837
2022-09-27 08:00:00,20201.91661128,20251.22283002,20344.0,20106.0,1892.05655592
2022-09-27 12:00:00,20252.0,19905.0,20385.0,19892.0,4361.05981978
2022-09-27 16:00:00,19905.0,19097.0,19967.75781098,18838.0,3699.66772578
2022-09-27 20:00:00,19091.77206087,19096.59592432,19176.74244676,18942.0,511.65404568
2022-09-28 00:00:00,19096.0,18752.72967347,19245.0,18478.0,1460.71255487
2022-09-28 04:00:00,18752.0,18788.66694078,18883.0,18640.0,1475.46492363
2022-09-28 08:00:00,18788.66694078,18963.0,19148.51601403,18579.0,5769.40384607
2022-09-28 12:00:00,18963.0,19494.0,19503.0,18963.0,4361.22540786
2022-09-28 16:00:00,19490.09417702,19547.93553619,19661.0,19284.0,2351.22007406
2022-09-28 20:00:00,19559.95931497,19419.0,19791.0,19400.0,637.05111048
2022-09-29 00:00:00,19419.45237404,19515.0,19602.0,19298.0,477.17623848
2022-09-29 04:00:00,19515.0,19364.54365749,19628.0,19278.0,955.44378727
2022-09-29 08:00:00,19364.54365749,19485.73626577,19558.0,19315.0,804.62089857
2022-09-29 12:00:00,19484.76246586,19306.0,19486.0,18859.0,3578.05650276
2022-09-29 16:00:00,19305.34422107,19400.32355388,19651.2772302,19129.0,1537.89993713
2022-09-29 20:00:00,19410.0,19589.0,19652.0,19381.0,1049.0713645
2022-09-30 00:00:00,19589.0,19404.0,19705.0,19320.0,1361.68235086
2022-09-30 04:00:00,19404.95983948,19568.0,19635.0,19390.0,1180.41732986
2022-09-30 08:00:00,19574.0,19440.0,19639.32465503,19406.0,1980.72265343
2022-09-30 12:00:00,19446.0,19768.0,20181.0,19154.0,5250.67825182
2022-09-30 16:00:00,19767.0,19491.0,19874.0,19481.0,1128.12503521
2022-09-30 20:00:00,19489.0,19429.98970855,19550.44176667,19262.0,802.41779139
2022-10-01 00:00:00,19429.0,19422.18470867,19485.0,19363.0,86.13686843
2022-10-01 04:00:00,19422.0,19325.0,19425.0,19267.0,169.44219812
2022-10-01 08:00:00,19325.0,19324.0,19374.0,19157.0,202.42028877
2022-10-01 12:00:00,19319.0,19333.07840888,19403.0,19256.0,173.52052249
2022-10-01 16:00:00,19339.0,19274.2496887,19351.37886779,19216.40144719,227.92625257
2022-10-01 20:00:00,19274.2496887,19316.0,19347.0,19212.0,77.95300421
2022-10-02 00:00:00,19314.0,19314.0,19351.7075036,19243.0,50.99454837
2022-10-02 04:00:00,19314.0,19289.0,19396.0,19235.0,75.37282138
2022-10-02 08:00:00,19289.0,19203.0,19300.0,19050.0,384.85815478
2022-10-02 12:00:00,19201.0,19154.0,19244.0,19083.0,100.16362547
2022-10-02 16:00:00,19149.0,19267.31474974,19340.0,19139.0,314.89767774
2022-10-02 20:00:00,19272.0,19066.91978561,19300.0,18943.0,2235.72002314
2022-10-03 00:00:00,19067.0,19176.0,19261.0,18980.0,590.92889924
2022-10-03 04:00:00,19178.0,19205.0,19330.0,19073.0,2516.02461652
2022-10-03 08:00:00,19203.0,19257.0,19257.0,19139.0,1254.74504487
2022-10-03 12:00:00,19257.0,19354.76584427,19497.0,19146.34761694,4686.89975646
2022-10-03 16:00:00,19354.76584427,19538.0,19657.0,19327.39703106,1389.77627444
2022-10-03 20:00:00,19545.0,19632.0,19708.0,19517.0,455.13178181
2022-10-04 00:00:00,19635.0,19599.0,19730.0,19502.0,221.82725685
2022-10-04 04:00:00,19599.63568467,19969.0,19983.0,19564.0,1385.81967094
2022-10-04 08:00:00,19971.61082893,19947.0,20157.0,19824.02550298,1693.16569755
2022-10-04 12:00:00,19946.0,20096.15145099,20264.0,19919.54995473,2396.77905452
2022-10-04 16:00:00,20096.15145099,20219.06231739,20265.0,19876.0,1305.3809071
2022-10-04 20:00:00,20226.0,20344.0,20543.0,20157.0,1463.10340778
2022-10-05 00:00:00,20344.0,20194.76546373,20363.0,20158.0,694.46984175
2022-10-05 04:00:00,20194.76546373,20231.78313852,20305.0,20085.33482584,581.35448523
2022-10-05 08:00:00,20233.90462975,20030.0,20241.59126257,19965.0,1054.29441118
2022-10-05 12:00:00,20030.0,20007.0,20066.0,19750.0,3237.11253518
2022-10-05 16:00:00,20008.0,20129.0,20343.0,19959.0,962.25113398
2022-10-05 20:00:00,20130.0,20156.31380734,20213.0,19985.0,461.94988146000003
2022-10-06 00:00:00,20156.0,20360.0,20455.0,20151.0,873.10944458
2022-10-06 04:00:00,20360.89354379,20234.0,20455.0,20167.02722237,983.08291112
2022-10-06 08:00:00,20234.0,20242.0,20260.0,20089.0,1209.93830412
2022-10-06 12:00:00,20242.66746866,20033.11176942,20333.43137248,19883.80904269,2074.29619482
2022-10-06 16:00:00,20033.11176942,20015.0,20260.15616668,19963.0,926.71417442
2022-10-06 20:00:00,20015.0,19960.0,20070.0,19866.0,363.27209843
2022-10-07 00:00:00,19959.0,19987.78918757,20053.0,19950.0,268.95166234
2022-10-07 04:00:00,19988.0,19937.41525701,20007.0,19819.0,695.14678798
2022-10-07 08:00:00,19937.05734713,20007.34807848,20016.0,19927.0,684.65321706
2022-10-07 12:00:00,20007.34807848,19577.00677278,20059.0,19489.0,4649.2346048
2022-10-07 16:00:00,19577.8324191,19464.0,19601.0,19334.0,1176.10718221
2022-10-07 20:00:00,19461.0,19532.6194523,19638.0,19448.0,203.97401517
2022-10-08 00:00:00,19532.6194523,19505.0,19626.0,19499.0,62.88570806
2022-10-08 04:00:00,19506.0,19506.0,19538.0,19419.0,207.08356909
2022-10-08 08:00:00,19506.0,19543.0,19550.0,19461.0,217.68376887
2022-10-08 12:00:00,19541.83756975,19490.0,19548.0,19444.0,170.34818
2022-10-08 16:00:00,19490.98063662,19471.0,19537.0,19450.0,62.97113547
2022-10-08 20:00:00,19470.0,19418.0113733,19481.0,19250.0,505.57946626
2022-10-09 00:00:00,19418.0,19370.0,19449.09806366,19338.0,58.42015703
2022-10-09 04:00:00,19366.0,19409.16351736,19439.0,19326.0,43.05414992
2022-10-09 08:00:00,19409.16351736,19470.0,19544.0,19379.0,393.23915299
2022-10-09 12:00:00,19469.0,19539.0,19553.0,19467.89239001,81.45185264
2022-10-09 16:00:00,19539.0,19471.50037013,19550.0,19371.0,192.94884443
2022-10-09 20:00:00,19471.50037013,19444.42907034,19498.0,19366.20403714,355.54899535
2022-10-10 00:00:00,19441.0,19451.13612583,19526.95886111,19410.0,134.53534099
2022-10-10 04:00:00,19451.0,19416.0,19472.8884803,19378.0,923.83721852
2022-10-10 08:00:00,19415.0,19330.0,19415.0,19134.0,1484.58679064
2022-10-10 12:00:00,19329.04854659,19269.0,19439.0,19227.0,1358.5050662
2022-10-10 16:00:00,19268.0,19221.00617731,19356.0,19104.0,551.8344974
2022-10-10 20:00:00,19216.58196137,19128.0,19275.0,19000.0,237.00761649
2022-10-11 00:00:00,19127.0,19043.0,19127.0,18957.0,683.07067553
2022-10-11 04:00:00,19044.0,19085.52993575,19110.0,19006.0,1276.18696108
2022-10-11 08:00:00,19085.158954,19148.0,19154.0,19036.15627275,1183.84144292
2022-10-11 12:00:00,19148.0,19138.39263983,19260.0,18856.7741059,1741.02304729
2022-10-11 16:00:00,19138.39263983,18994.0,19185.0,18899.0,3463.97568916
2022-10-11 20:00:00,18995.0,19063.0,19063.0,18990.0,490.69409554
2022-10-12 00:00:00,19063.0,19044.01820641,19122.0,19025.0,695.73460054
2022-10-12 04:00:00,19045.0,19112.0,19197.0,19043.0,2479.80662661
2022-10-12 12:00:00,19108.0,19142.0,19152.0,19037.0,110.14974399
2022-10-12 16:00:00,19142.0,19144.0,19181.0,19048.0,113.37334485
2022-10-12 20:00:00,19144.0,19160.0,19233.0,19139.0,84.72763201
2022-10-13 00:00:00,19155.0,19087.0,19172.0,19023.0,70.2146435
2022-10-13 04:00:00,19086.0,19010.0,19107.0,18953.0,256.93919388
2022-10-13 08:00:00,19007.0,18758.0,19038.0,18573.0,1846.53379148
2022-10-13 12:00:00,18753.0,18953.0,19050.0,18161.0,2722.56454885
2022-10-13 16:00:00,18960.0,19385.0,19515.0,18905.0,1196.96487971
2022-10-13 20:00:00,19377.0,19385.0,19498.0,19348.0,182.68806701
2022-10-14 00:00:00,19382.0,19822.0,19947.0,19347.0,798.04036267
2022-10-14 04:00:00,19825.0,19643.0,19849.0,19574.0,308.89746614
2022-10-14 08:00:00,19645.0,19600.0,19747.0,19540.0,208.20035462
2022-10-14 12:00:00,19601.0,19364.0,19850.0,19304.0,574.03721921
2022-10-14 16:00:00,19359.0,19176.0,19397.0,19120.0,569.51554886
2022-10-14 20:00:00,19176.0,19186.0,19222.0,19088.0,107.49622596
2022-10-15 00:00:00,19183.0,19208.0,19227.0,19140.0,42.37210537
2022-10-15 04:00:00,19208.0,19177.0,19217.0,19142.0,39.68538265
2022-10-15 08:00:00,19176.0,19169.0,19185.0,19050.0,96.30854775
2022-10-15 12:00:00,19168.0,19134.0,19195.0,19100.0,88.46915192
2022-10-15 16:00:00,19134.0,19096.0,19161.0,19056.0,337.90239612
2022-10-15 20:00:00,19097.0,19071.0,19132.0,18991.0,132.54508735
2022-10-16 00:00:00,19073.0,19123.0,19168.0,19067.0,22.89674229
2022-10-16 04:00:00,19121.0,19138.0,19158.0,19112.0,18.85230989
2022-10-16 08:00:00,19138.0,19143.0,19218.0,19094.0,193.98054377
2022-10-16 12:00:00,19142.0,19154.0,19177.0,19110.0,31.53685462
2022-10-16 16:00:00,19155.0,19381.0,19386.0,19127.0,297.15716446
2022-10-16 20:00:00,19387.0,19267.0,19428.0,19113.0,217.26267797
2022-10-17 00:00:00,19268.0,19195.0,19311.0,19166.0,78.99499268
2022-10-17 04:00:00,19195.0,19304.0,19326.0,19173.0,93.74089131
2022-10-17 08:00:00,19304.0,19469.0,19565.0,19257.0,469.18373116
2022-10-17 12:00:00,19469.0,19542.0,19684.0,19432.0,330.70610209
2022-10-17 16:00:00,19542.0,19532.0,19593.0,19453.0,187.92284301
2022-10-17 20:00:00,19532.0,19554.0,19630.0,19484.0,288.63610946
2022-10-18 00:00:00,19557.0,19554.0,19627.0,19492.0,114.59625142
2022-10-18 04:00:00,19554.0,19676.0,19709.0,19545.0,216.66845401
2022-10-18 08:00:00,19679.0,19576.0,19684.0,19491.0,444.19827141
2022-10-18 12:00:00,19577.0,19376.0,19684.0,19288.0,441.36579021
2022-10-18 16:00:00,19374.0,19219.0,19446.0,19100.0,489.36585831
2022-10-18 20:00:00,19219.0,19334.0,19432.0,19200.0,410.06040785
2022-10-19 00:00:00,19332.0,19291.0,19361.0,19227.0,162.51866798
2022-10-19 04:00:00,19291.0,19225.0,19312.0,19152.0,108.64951355
2022-10-19 08:00:00,19225.0,19206.0,19285.0,19154.0,119.55611375
2022-10-19 12:00:00,19205.0,19278.0,19309.0,19081.0,216.37835274
2022-10-19 16:00:00,19278.0,19234.0,19282.0,19098.0,167.94758898
2022-10-19 20:00:00,19233.0,19132.0,19254.0,19093.0,84.20882589
2022-10-20 00:00:00,19131.0,19055.0,19171.0,18900.0,254.5495462
2022-10-20 04:00:00,19049.0,19152.0,19220.0,19048.0,122.51936599
2022-10-20 08:00:00,19153.0,19217.0,19267.0,19119.0,86.83880674
2022-10-20 12:00:00,19216.0,19265.0,19355.0,19132.0,183.97227453
2022-10-20 16:00:00,19265.0,19070.0,19265.0,18979.0,441.95543997
2022-10-20 20:00:00,19070.0,19058.0,19104.0,18943.0,184.64690164
2022-10-21 00:00:00,19057.0,19062.0,19142.0,19013.0,67.10284556
2022-10-21 04:00:00,19065.0,19040.0,19093.0,19008.0,43.2574611
2022-10-21 08:00:00,19039.0,18961.0,19052.0,18915.0,154.85602039
2022-10-21 12:00:00,18960.0,19179.0,19182.0,18673.0,699.23806705
2022-10-21 16:00:00,19179.0,19196.0,19256.0,19107.0,140.69270846
2022-10-21 20:00:00,19200.0,19175.0,19260.0,19150.0,85.60376061
2022-10-22 00:00:00,19175.0,19158.0,19191.0,19124.0,24.91700908
2022-10-22 04:00:00,19162.0,19173.0,19181.0,19144.0,30.657544090000002
2022-10-22 08:00:00,19171.0,19190.0,19198.0,19154.0,55.52265475
2022-10-22 12:00:00,19190.0,19262.0,19278.0,19172.0,550.09173772
2022-10-22 16:00:00,19263.0,19202.0,19270.0,19156.0,52.27954706
2022-10-22 20:00:00,19202.0,19219.0,19241.0,19196.0,39.90123376
2022-10-23 00:00:00,19219.0,19208.0,19229.0,19179.0,31.56254168
2022-10-23 04:00:00,19208.0,19169.0,19234.0,19165.0,47.44987872
2022-10-23 08:00:00,19170.0,19169.0,19199.0,19142.0,42.35107919
2022-10-23 12:00:00,19169.0,19210.0,19225.0,19086.0,94.53169144
2022-10-23 16:00:00,19209.0,19521.0,19548.0,19193.0,908.92932572
2022-10-23 20:00:00,19521.0,19585.0,19707.0,19467.0,392.61433888
2022-10-24 00:00:00,19586.0,19402.0,19615.0,19357.0,258.39923431
2022-10-24 04:00:00,19404.0,19338.0,19404.0,19262.0,215.84338671
2022-10-24 08:00:00,19339.0,19444.0,19459.0,19320.0,152.67527083
2022-10-24 12:00:00,19438.0,19314.0,19461.0,19174.0,450.49598665
2022-10-24 16:00:00,19313.0,19354.0,19433.0,19240.0,89.44596615
2022-10-24 20:00:00,19357.0,19340.0,19422.0,19314.0,145.07862395
2022-10-25 00:00:00,19339.0,19355.0,19374.0,19259.0,33.21315262
2022-10-25 04:00:00,19355.0,19316.0,19385.0,19294.0,49.88367561
2022-10-25 08:00:00,19317.0,19321.0,19335.0,19251.0,63.51158373
2022-10-25 12:00:00,19320.0,19760.0,19832.0,19279.0,763.42872956
2022-10-25 16:00:00,19768.0,20285.0,20432.0,19746.0,1511.5357902
2022-10-25 20:00:00,20286.0,20104.0,20307.0,20008.0,336.41121407
2022-10-26 00:00:00,20105.0,20281.0,20330.0,20077.0,337.37552733
2022-10-26 04:00:00,20280.0,20374.0,20407.0,20157.0,214.01069607
2022-10-26 08:00:00,20375.0,20627.0,20825.0,20308.0,893.26523973
2022-10-26 12:00:00,20627.0,20857.0,21022.0,20366.0,1728.68044377
2022-10-26 16:00:00,20864.0,20776.0,21011.0,20655.0,491.23764917
2022-10-26 20:00:00,20781.0,20790.0,20920.0,20717.0,239.21242228
2022-10-27 00:00:00,20788.0,20767.0,20861.0,20625.0,193.11296703
2022-10-27 04:00:00,20774.0,20732.0,20892.0,20704.0,178.93564351999999
2022-10-27 08:00:00,20733.0,20639.0,20762.0,20488.0,339.87294232
2022-10-27 12:00:00,20639.0,20580.0,20787.0,20460.0,1050.81259297
2022-10-27 16:00:00,20579.0,20644.0,20692.0,20522.0,240.03768003
2022-10-27 20:00:00,20646.0,20301.0,20654.0,20191.0,747.36163641
2022-10-28 00:00:00,20305.0,20306.0,20343.0,20166.0,224.55514507
2022-10-28 04:00:00,20307.0,20094.0,20320.0,20073.0,208.8160686
2022-10-28 08:00:00,20095.0,20191.0,20259.0,20053.0,202.60670384
2022-10-28 12:00:00,20188.0,20501.0,20611.0,20033.0,1113.41801369
2022-10-28 16:00:00,20502.0,20628.0,20767.0,20474.0,457.05477302
2022-10-28 20:00:00,20626.0,20611.0,20744.0,20587.0,74.80639141
2022-10-29 00:00:00,20610.0,20775.0,20845.0,20576.0,140.56550474
2022-10-29 04:00:00,20774.0,20790.0,20790.0,20645.0,119.75927928
2022-10-29 08:00:00,20789.0,20724.0,21091.0,20672.0,689.13217741
2022-10-29 12:00:00,20723.0,20945.0,20965.0,20708.0,248.48727957
2022-10-29 16:00:00,20946.0,20855.0,21003.0,20782.0,327.45252538
2022-10-29 20:00:00,20856.0,20833.0,20912.0,20733.0,303.56087544
2022-10-30 00:00:00,20833.0,20796.0,20858.0,20729.0,57.59591781
2022-10-30 04:00:00,20796.0,20873.0,20950.0,20768.0,121.76504969
2022-10-30 08:00:00,20871.0,20792.0,20902.0,20654.0,247.15398228
2022-10-30 12:00:00,20792.0,20696.0,20794.0,20602.0,255.53430927
2022-10-30 16:00:00,20694.0,20662.0,20715.0,20561.0,195.59076237
2022-10-30 20:00:00,20662.0,20647.0,20754.0,20532.0,209.71861997
2022-10-31 00:00:00,20649.0,20534.0,20691.0,20451.0,142.86767415
2022-10-31 04:00:00,20531.0,20563.0,20608.0,20480.0,86.75438078
2022-10-31 08:00:00,20562.0,20744.0,20860.0,20471.0,271.31966729
2022-10-31 12:00:00,20745.0,20416.0,20760.0,20257.0,813.19197194
2022-10-31 16:00:00,20415.0,20382.0,20537.0,20345.0,277.80521393
2022-10-31 20:00:00,20382.0,20509.0,20531.0,20371.0,120.32647524000001
2022-11-01 00:00:00,20508.0,20492.0,20589.0,20457.0,364.73474873
2022-11-01 04:00:00,20492.0,20604.0,20678.0,20477.0,432.47713334
2022-11-01 08:00:00,20604.0,20528.0,20699.0,20502.0,167.89055393
2022-11-01 12:00:00,20529.0,20461.0,20571.0,20340.0,508.13760731
2022-11-01 16:00:00,20460.0,20467.0,20528.0,20398.0,130.54697814
2022-11-01 20:00:00,20468.0,20500.0,20516.0,20449.0,64.6786919
2022-11-02 00:00:00,20501.0,20541.0,20563.0,20430.0,90.96416626999999
2022-11-02 04:00:00,20542.0,20437.0,20574.0,20371.0,61.17982615
2022-11-02 08:00:00,20435.0,20449.0,20544.0,20343.0,133.23372924
2022-11-02 12:00:00,20450.0,20427.0,20471.0,20386.0,432.14241324
2022-11-02 16:00:00,20427.0,20267.0,20817.0,20125.0,1583.2711011
2022-11-02 20:00:00,20267.0,20165.0,20288.0,20078.0,279.05901472
2022-11-03 00:00:00,20166.0,20320.0,20349.0,20139.0,270.85558267
2022-11-03 04:00:00,20322.0,20314.0,20404.0,20296.0,128.68404691
2022-11-03 08:00:00,20314.0,20139.0,20347.0,20067.0,140.00984593
2022-11-03 12:00:00,20139.0,20266.0,20356.0,20052.0,530.30814876
2022-11-03 16:00:00,20266.0,20273.0,20322.0,20196.0,128.45748622
2022-11-03 20:00:00,20276.0,20223.0,20282.0,20181.0,45.19596322
2022-11-04 00:00:00,20223.0,20338.0,20340.0,20206.0,139.51734361
2022-11-04 04:00:00,20339.0,20633.0,20695.0,20329.0,363.22472325
2022-11-04 08:00:00,20633.0,20572.0,20683.0,20569.0,342.7100116
2022-11-04 12:00:00,20580.0,20868.0,21298.0,20395.0,2006.7754439
2022-11-04 16:00:00,20869.0,21124.0,21124.0,20697.0,717.20991983
2022-11-04 20:00:00,21125.0,21165.0,21218.0,21076.0,243.15270407
2022-11-05 00:00:00,21165.0,21455.0,21470.0,21100.0,828.07885099
2022-11-05 04:00:00,21459.0,21398.0,21470.0,21383.0,115.9710212
2022-11-05 08:00:00,21397.0,21411.0,21431.0,21252.0,225.77030987
2022-11-05 12:00:00,21411.0,21317.0,21425.0,21234.0,141.00957604
2022-11-05 16:00:00,21318.0,21350.0,21363.0,21280.0,201.07583169
2022-11-05 20:00:00,21348.0,21313.0,21397.0,21261.0,106.24542097
2022-11-06 00:00:00,21316.0,21257.0,21378.0,21208.0,125.68716339
2022-11-06 04:00:00,21258.0,21214.0,21270.0,21168.0,45.8332949
2022-11-06 08:00:00,21214.0,21274.0,21328.0,21198.0,83.05920299
2022-11-06 12:00:00,21275.0,21264.0,21302.0,21206.0,577.392994
2022-11-06 16:00:00,21263.0,21216.0,21294.0,21176.0,117.28526605
2022-11-06 20:00:00,21216.0,20932.0,21230.0,20900.0,405.2410306
2022-11-07 00:00:00,20932.0,20926.0,21083.0,20846.0,184.60097643
2022-11-07 04:00:00,20926.0,20661.0,20929.0,20646.0,434.85401336
2022-11-07 08:00:00,20661.0,20756.0,20833.0,20605.0,220.34281829
2022-11-07 12:00:00,20756.0,20788.0,20817.0,20652.0,263.99622326
2022-11-07 16:00:00,20787.0,20866.0,20906.0,20673.0,264.45183925
2022-11-07 20:00:00,20871.0,20609.0,20905.0,20421.0,474.95233925
2022-11-08 00:00:00,20609.0,20196.0,20692.0,20171.0,1005.2071416
2022-11-08 04:00:00,20191.0,19829.0,20281.0,19377.0,1710.7405145
2022-11-08 08:00:00,19827.0,19717.0,19827.0,19605.0,785.4098983
2022-11-08 12:00:00,19715.0,19541.0,19762.0,19255.0,1410.80397927
2022-11-08 16:00:00,19546.0,18270.0,20712.0,16950.0,11950.49640407
2022-11-08 20:00:00,18271.0,18559.0,18760.0,17844.0,3653.41094042
2022-11-09 00:00:00,18557.0,18350.0,18600.0,18020.0,1204.57699819
2022-11-09 04:00:00,18348.0,18249.0,18525.0,18185.0,986.42265535
2022-11-09 08:00:00,18250.0,17840.0,18265.0,17279.0,2202.00112137
2022-11-09 12:00:00,17836.0,17140.0,18043.0,16950.0,2860.19062815
2022-11-09 16:00:00,17140.0,16792.0,17333.0,16463.0,5034.48329568
2022-11-09 20:00:00,16790.0,15923.0,16893.0,15588.0,5797.12444119
2022-11-10 00:00:00,15928.0,16397.0,16607.0,15760.0,1319.89160068
2022-11-10 04:00:00,16395.0,16781.0,16930.0,16236.0,2245.99008032
2022-11-10 08:00:00,16774.0,16368.0,16968.0,16226.0,4410.12809345
2022-11-10 12:00:00,16368.0,17554.0,17956.0,16361.0,6047.85981103
2022-11-10 16:00:00,17559.0,17450.0,17937.0,17100.0,4358.05522739
2022-11-10 20:00:00,17447.0,17585.0,18156.0,17354.0,2350.53784686
2022-11-11 00:00:00,17584.0,17046.0,17671.0,16877.0,1054.14870695
2022-11-11 04:00:00,17042.0,17419.0,17483.0,16984.0,967.00962582
2022-11-11 08:00:00,17413.0,17342.0,17497.0,17218.0,1297.42077724
2022-11-11 12:00:00,17340.0,16875.0,17533.0,16355.0,2921.54665258
2022-11-11 16:00:00,16866.0,16843.0,17031.0,16544.0,1301.00958619
2022-11-11 20:00:00,16846.0,17047.0,17132.0,16573.0,492.31253732
2022-11-12 00:00:00,17056.0,16903.0,17106.0,16777.0,171.64470806
2022-11-12 04:00:00,16908.0,16814.0,16932.0,16635.0,231.98442985
2022-11-12 08:00:00,16812.0,16876.0,16970.0,16730.0,235.2770634
2022-11-12 12:00:00,16882.0,16934.0,17011.0,16774.0,253.37727235
2022-11-12 16:00:00,16934.0,16903.0,16964.0,16837.0,226.91694867
2022-11-12 20:00:00,16902.0,16820.0,16907.0,16770.0,128.63078065
2022-11-13 00:00:00,16815.0,16924.0,16956.0,16796.0,167.4184154
2022-11-13 04:00:00,16928.0,16781.0,16932.0,16582.0,228.08336959
2022-11-13 08:00:00,16774.0,16678.0,16799.0,16471.0,554.93593112
2022-11-13 12:00:00,16674.0,16581.0,16716.0,16526.0,591.52153326
2022-11-13 16:00:00,16580.0,16568.0,16633.0,16468.0,368.51044293
2022-11-13 20:00:00,16566.0,16345.0,16593.0,16255.0,630.44881809
2022-11-14 00:00:00,16344.0,16132.0,16406.0,15920.0,1211.6956384
2022-11-14 04:00:00,16131.0,16822.0,16909.0,15822.0,1874.17870357
2022-11-14 08:00:00,16822.0,16758.0,16928.0,16652.0,508.34258611
2022-11-14 12:00:00,16757.0,16590.0,17200.0,16441.0,1637.88816477
2022-11-14 16:00:00,16596.0,16268.0,16667.0,16200.0,868.32132689
2022-11-14 20:00:00,16269.0,16626.0,16758.0,16215.0,608.21817264
2022-11-15 00:00:00,16625.0,16875.0,16941.0,16543.0,2154.76188593
2022-11-15 04:00:00,16875.0,16870.0,16969.0,16667.0,521.07833666
2022-11-15 08:00:00,16873.0,16790.0,17001.0,16720.0,776.05191215
2022-11-15 12:00:00,16790.0,16980.0,17132.0,16752.0,1011.27681635
2022-11-15 16:00:00,16981.0,16839.0,17067.0,16614.0,1534.47799422
2022-11-15 20:00:00,16840.0,16886.0,16912.0,16726.0,532.55805167
2022-11-16 00:00:00,16887.0,16965.0,17002.0,16761.0,149.91393969
2022-11-16 04:00:00,16965.0,16825.0,16967.0,16798.0,274.95639322
2022-11-16 08:00:00,16825.0,16693.0,16842.0,16640.0,665.44779178
2022-11-16 12:00:00,16687.0,16407.0,16720.0,16347.0,2288.78518253
2022-11-16 16:00:00,16410.0,16549.0,16621.0,16384.0,805.59806996
2022-11-16 20:00:00,16547.0,16654.0,16755.0,16493.0,200.42114328
2022-11-17 00:00:00,16653.0,16516.0,16735.0,16499.0,200.83746115
2022-11-17 04:00:00,16518.0,16601.0,16605.0,16410.0,178.66510324
2022-11-17 08:00:00,16601.0,16585.0,16627.0,16460.0,300.9294639
2022-11-17 12:00:00,16588.0,16529.0,16703.0,16413.0,369.57066843
2022-11-17 16:00:00,16526.0,16608.0,16730.0,16504.0,193.91126536
2022-11-17 20:00:00,16607.0,16683.0,16728.0,16607.0,236.53982527
2022-11-18 00:00:00,16683.0,16849.0,16977.0,16673.0,1039.36261091
2022-11-18 04:00:00,16846.0,16736.0,16854.0,16716.0,147.85706831
2022-11-18 08:00:00,16735.0,16740.0,16838.0,16657.0,120.04619417
2022-11-18 12:00:00,16741.0,16680.0,16804.0,16587.0,205.06397673
2022-11-18 16:00:00,16679.0,16638.0,16715.0,16546.0,231.1658346
2022-11-18 20:00:00,16638.0,16685.0,16694.0,16611.0,243.51098602
2022-11-19 00:00:00,16682.0,16615.0,16688.0,16565.0,130.40803914
2022-11-19 04:00:00,16617.0,16588.0,16634.0,16538.0,143.35623754
2022-11-19 08:00:00,16585.0,16664.0,16667.0,16574.0,48.62019862
2022-11-19 12:00:00,16668.0,16651.0,16671.0,16630.0,51.0680148
2022-11-19 16:00:00,16652.0,16617.0,16655.0,16600.0,87.41964883
2022-11-19 20:00:00,16618.0,16695.0,16811.0,16617.0,145.7244537
2022-11-20 00:00:00,16692.0,16671.0,16742.0,16663.0,49.76860901
2022-11-20 04:00:00,16670.0,16715.0,16727.0,16663.0,65.90121938
2022-11-20 08:00:00,16713.0,16509.0,16721.0,16453.0,301.52946682
2022-11-20 12:00:00,16510.0,16574.0,16610.0,16444.0,266.00004953
2022-11-20 16:00:00,16574.0,16580.0,16599.0,16532.0,146.93628535
2022-11-20 20:00:00,16583.0,16278.0,16585.0,16184.0,345.80485826
2022-11-21 00:00:00,16278.0,16056.0,16282.0,15890.0,553.29289537
2022-11-21 04:00:00,16060.0,16020.0,16305.0,15952.0,467.94045257
2022-11-21 08:00:00,16020.0,16070.0,16144.0,15954.0,346.27160212
2022-11-21 12:00:00,16073.0,16121.0,16277.0,16022.0,608.65045671
2022-11-21 16:00:00,16121.0,15713.0,16128.0,15588.0,1149.60946813
2022-11-21 20:00:00,15711.0,15765.0,15875.0,15487.0,1184.19051595
2022-11-22 00:00:00,15766.0,15826.0,15945.0,15736.0,482.81861308
2022-11-22 04:00:00,15829.0,15761.0,15866.0,15616.0,338.99490725
2022-11-22 08:00:00,15755.0,15747.0,15815.0,15659.0,446.68912859
2022-11-22 12:00:00,15744.0,16229.0,16294.0,15691.0,1133.62790795
2022-11-22 16:00:00,16235.0,16165.0,16279.0,16047.0,608.20810812
2022-11-22 20:00:00,16166.0,16217.0,16246.0,16083.0,188.63226477
2022-11-23 00:00:00,16219.0,16582.0,16614.0,16168.0,763.66959605
2022-11-23 04:00:00,16582.0,16584.0,16655.0,16444.0,415.35888620000003
2022-11-23 08:00:00,16587.0,16592.0,16667.0,16512.0,570.53088809
2022-11-23 12:00:00,16591.0,16424.0,16603.0,16353.0,550.87641254
2022-11-23 16:00:00,16425.0,16472.0,16682.0,16321.0,356.49164038
2022-11-23 20:00:00,16472.0,16613.0,16666.0,16428.0,239.24103355
2022-11-24 00:00:00,16608.0,16714.0,16804.0,16539.0,307.94000125
2022-11-24 04:00:00,16714.0,16621.0,16733.0,16621.0,245.3608921
2022-11-24 08:00:00,16623.0,16573.0,16639.0,16494.0,201.2980922
2022-11-24 12:00:00,16573.0,16561.0,16596.0,16463.0,152.08375772
2022-11-24 16:00:00,16561.0,16575.0,16669.0,16529.0,221.38722662
2022-11-24 20:00:00,16576.0,16606.0,16631.0,16543.0,77.84926588
2022-11-25 00:00:00,16603.0,16494.0,16617.0,16477.0,42.74407681
2022-11-25 04:00:00,16494.0,16468.0,16500.0,16354.0,416.8164263
2022-11-25 08:00:00,16468.0,16526.0,16583.0,16418.0,146.78092979
2022-11-25 12:00:00,16530.0,16513.0,16577.0,16439.0,231.34054764
2022-11-25 16:00:00,16511.0,16522.0,16543.0,16462.0,171.83811395
2022-11-25 20:00:00,16524.0,16519.0,16607.0,16488.0,154.22566546
2022-11-26 00:00:00,16520.0,16623.0,16697.0,16515.0,107.71307753
2022-11-26 04:00:00,16624.0,16590.0,16649.0,16534.0,100.18915887
2022-11-26 08:00:00,16589.0,16582.0,16634.0,16563.0,57.98147315
2022-11-26 12:00:00,16581.0,16510.0,16679.0,16489.0,236.70814253
2022-11-26 16:00:00,16510.0,16485.0,16528.0,16422.0,146.90167052
2022-11-26 20:00:00,16487.0,16460.0,16542.0,16389.0,126.38207775
2022-11-27 00:00:00,16460.0,16536.0,16567.0,16452.0,91.65006694
2022-11-27 04:00:00,16535.0,16573.0,16603.0,16535.0,81.22603791
2022-11-27 08:00:00,16573.0,16553.0,16599.0,16522.0,47.65752545
2022-11-27 12:00:00,16554.0,16579.0,16588.0,16529.0,67.18965109
2022-11-27 16:00:00,16578.0,16566.0,16581.0,16527.0,83.71598624
2022-11-27 20:00:00,16566.0,16435.0,16599.0,16410.0,122.50765719
2022-11-28 00:00:00,16436.0,16180.0,16487.0,16052.0,610.2717032
2022-11-28 04:00:00,16176.0,16227.0,16240.0,16137.0,190.16808347
2022-11-28 08:00:00,16221.0,16212.0,16263.0,16180.0,230.16235317
2022-11-28 12:00:00,16211.0,16151.0,16313.0,16129.0,220.80734333
2022-11-28 16:00:00,16153.0,16225.0,16397.0,16002.0,451.0819642
2022-11-28 20:00:00,16223.0,16214.0,16268.0,16196.0,41.25289651
2022-11-29 00:00:00,16216.0,16284.0,16300.0,16101.0,123.37259211
2022-11-29 04:00:00,16285.0,16466.0,16543.0,16284.0,667.90903061
2022-11-29 08:00:00,16465.0,16497.0,16545.0,16440.0,153.07524788999999
2022-11-29 12:00:00,16497.0,16397.0,16508.0,16345.0,237.30992342
2022-11-29 16:00:00,16397.0,16437.0,16486.0,16354.0,330.83078571
2022-11-29 20:00:00,16439.0,16452.0,16538.0,16436.0,119.02768075
2022-11-30 00:00:00,16454.0,16861.0,17109.0,16446.0,835.33209855
2022-11-30 04:00:00,16860.0,16908.0,16936.0,16833.0,243.94136879
2022-11-30 08:00:00,16909.0,16889.0,16943.0,16863.0,168.61229915
2022-11-30 12:00:00,16890.0,16881.0,16902.0,16753.0,328.04623548
2022-11-30 16:00:00,16881.0,17069.0,17175.0,16703.0,689.40482267
2022-11-30 20:00:00,17071.0,17180.0,17297.0,17039.0,461.22479561
2022-12-01 00:00:00,17181.0,17161.0,17271.0,17108.0,326.37166368
2022-12-01 04:00:00,17160.0,17079.0,17170.0,17076.0,221.76498787
2022-12-01 08:00:00,17078.0,17107.0,17140.0,17056.0,178.28773085
2022-12-01 12:00:00,17108.0,16981.0,17335.0,16904.0,562.76760906
2022-12-01 16:00:00,16982.0,16958.0,17000.0,16906.0,182.01721
2022-12-01 20:00:00,16958.0,16980.0,16985.0,16872.0,90.54001586
2022-12-02 00:00:00,16982.0,16906.0,17044.0,16865.0,116.15173813
2022-12-02 04:00:00,16906.0,16960.0,16976.0,16891.0,71.8877352
2022-12-02 08:00:00,16961.0,17000.0,17040.0,16946.0,165.30772067
2022-12-02 12:00:00,17000.0,16948.0,17100.0,16789.0,732.670298
2022-12-02 16:00:00,16948.0,16996.0,17000.0,16911.0,143.59343274
2022-12-02 20:00:00,16996.0,17090.0,17091.0,16990.0,302.6988198
2022-12-03 00:00:00,17091.0,17026.0,17144.0,17021.0,229.67695425
2022-12-03 04:00:00,17027.0,16971.0,17038.0,16936.0,189.05661508
2022-12-03 08:00:00,16971.0,16957.0,16994.0,16901.0,117.69883377
2022-12-03 12:00:00,16955.0,16972.0,16984.0,16934.0,22.49641801
2022-12-03 16:00:00,16971.0,16959.0,16989.0,16950.0,26.5300963
2022-12-03 20:00:00,16959.0,16889.0,16964.0,16865.0,105.40942108
2022-12-04 00:00:00,16890.0,16967.0,17073.0,16885.0,181.07979253
2022-12-04 04:00:00,16967.0,17002.0,17083.0,16967.0,121.36244834
2022-12-04 08:00:00,17003.0,16953.0,17058.0,16922.0,147.42573879
2022-12-04 12:00:00,16953.0,17065.0,17083.0,16936.0,505.91352281999997
2022-12-04 16:00:00,17066.0,17101.0,17170.0,16998.0,358.44282363
2022-12-04 20:00:00,17102.0,17127.0,17210.0,17090.0,94.96277017
2022-12-05 00:00:00,17127.0,17210.0,17347.0,17095.0,291.26105005
2022-12-05 04:00:00,17210.0,17323.0,17436.0,17207.0,301.86356504
2022-12-05 08:00:00,17322.0,17324.0,17411.0,17302.0,342.89424809
2022-12-05 12:00:00,17325.0,17092.0,17325.0,17036.0,228.99101978
2022-12-05 16:00:00,17094.0,16935.0,17129.0,16886.0,240.06363843
2022-12-05 20:00:00,16935.0,16975.0,16993.0,16916.0,53.97261935
2022-12-06 00:00:00,16974.0,17008.0,17109.0,16974.0,102.13455549
2022-12-06 04:00:00,17011.0,17012.0,17025.0,16965.0,77.55887945
2022-12-06 08:00:00,17012.0,16987.0,17046.0,16908.0,153.73948409
2022-12-06 12:00:00,16988.0,16992.0,17040.0,16941.0,66.25218188
2022-12-06 16:00:00,16992.0,16978.0,17020.0,16915.0,256.32582099
2022-12-06 20:00:00,16977.0,17094.0,17109.0,16963.0,115.99114901
2022-12-07 00:00:00,17095.0,17042.0,17156.0,17034.0,85.49992972
2022-12-07 04:00:00,17041.0,16768.0,17053.0,16730.0,253.82130058
2022-12-07 08:00:00,16769.0,16802.0,16845.0,16701.0,404.31076047
2022-12-07 12:00:00,16801.0,16849.0,16903.0,16777.0,228.45964818
2022-12-07 16:00:00,16849.0,16824.0,16855.0,16794.0,66.19866807
2022-12-07 20:00:00,16823.0,16846.0,16872.0,16813.0,32.71012104
2022-12-08 00:00:00,16846.0,16841.0,16894.0,16795.0,66.02587545
2022-12-08 04:00:00,16840.0,16841.0,16852.0,16800.0,188.9891548
2022-12-08 08:00:00,16840.0,16860.0,16868.0,16756.0,140.48766748
2022-12-08 12:00:00,16861.0,16929.0,16982.0,16819.0,316.74061765
2022-12-08 16:00:00,16929.0,17280.0,17323.0,16924.0,900.90202012
2022-12-08 20:00:00,17279.0,17246.0,17321.0,17186.0,142.23518586
2022-12-09 00:00:00,17247.0,17221.0,17314.0,17213.0,67.16064413
2022-12-09 04:00:00,17221.0,17245.0,17254.0,17218.0,42.4150223
2022-12-09 08:00:00,17245.0,17270.0,17291.0,17219.0,204.91679636
2022-12-09 12:00:00,17267.0,17187.0,17366.0,17053.0,867.00196434
2022-12-09 16:00:00,17187.0,17148.0,17193.0,17133.0,144.09074722
2022-12-09 20:00:00,17149.0,17137.0,17161.0,17079.0,98.29487184999999
2022-12-10 00:00:00,17137.0,17153.0,17171.0,17132.0,30.29062433
2022-12-10 04:00:00,17154.0,17162.0,17175.0,17141.0,48.97304098
2022-12-10 08:00:00,17162.0,17178.0,17179.0,17125.0,24.11451944
2022-12-10 12:00:00,17177.0,17223.0,17229.0,17153.0,123.4038669
2022-12-10 16:00:00,17223.0,17184.0,17240.0,17167.0,88.13493805
2022-12-10 20:00:00,17185.0,17133.0,17191.0,17104.0,55.37664497
2022-12-11 00:00:00,17132.0,17163.0,17179.0,17129.0,20.81060746
2022-12-11 04:00:00,17162.0,17194.0,17247.0,17159.0,210.17816261
2022-12-11 08:00:00,17193.0,17180.0,17196.0,17152.0,44.5845274
2022-12-11 12:00:00,17179.0,17165.0,17180.0,17143.0,26.67710283
2022-12-11 16:00:00,17166.0,17197.0,17503.0,17153.0,1317.54740885
2022-12-11 20:00:00,17197.0,17110.0,17198.0,17092.0,446.8131587
2022-12-12 00:00:00,17101.0,16935.0,17104.0,16879.0,699.32795493
2022-12-12 04:00:00,16936.0,16946.0,16966.0,16900.0,510.65912958
2022-12-12 08:00:00,16946.0,17003.0,17021.0,16933.0,283.27690998
2022-12-12 12:00:00,17004.0,17026.0,17060.0,16946.0,380.43755753
2022-12-12 16:00:00,17026.0,17058.0,17058.0,16998.0,87.72399738
2022-12-12 20:00:00,17057.0,17229.0,17263.0,17057.0,506.43746999
2022-12-13 00:00:00,17230.0,17172.0,17253.0,17146.0,333.02850665
2022-12-13 04:00:00,17171.0,17181.0,17226.0,17102.0,489.5357912
2022-12-13 08:00:00,17183.0,17472.0,17600.0,17178.0,1716.29752882
2022-12-13 12:00:00,17473.0,17753.0,18000.0,17421.0,2924.89215771
2022-12-13 16:00:00,17753.0,17745.0,17840.0,17616.0,357.71570255
2022-12-13 20:00:00,17745.0,17785.0,17816.0,17713.0,141.1373034
2022-12-14 00:00:00,17786.0,17793.0,17852.0,17762.0,80.91464747
2022-12-14 04:00:00,17790.0,17808.0,17813.0,17751.0,240.40000158
2022-12-14 08:00:00,17807.0,17837.0,17871.0,17797.0,151.85209264
2022-12-14 12:00:00,17838.0,18080.0,18120.0,17829.0,387.30773486
2022-12-14 16:00:00,18080.0,17804.0,18391.0,17725.0,1884.11217014
2022-12-14 20:00:00,17801.0,17813.0,17950.0,17678.0,342.00258009
2022-12-15 00:00:00,17816.0,17730.0,17867.0,17574.0,349.79783632
2022-12-15 04:00:00,17730.0,17699.0,17748.0,17691.0,49.10658952
2022-12-15 08:00:00,17700.0,17732.0,17734.0,17632.0,200.33182503
2022-12-15 12:00:00,17731.0,17436.0,17732.0,17400.0,678.65697439
2022-12-15 16:00:00,17438.0,17454.0,17477.0,17340.0,405.04920936999997
2022-12-15 20:00:00,17454.0,17373.0,17467.0,17299.0,232.69980187
2022-12-16 00:00:00,17372.0,17436.0,17436.0,17362.0,55.48103728
2022-12-16 04:00:00,17435.0,17524.0,17544.0,17392.0,182.904774
2022-12-16 08:00:00,17523.0,17034.0,17536.0,16928.0,984.8023329
2022-12-16 12:00:00,17033.0,16982.0,17090.0,16910.0,250.68846016
2022-12-16 16:00:00,16982.0,16883.0,16988.0,16761.0,679.21674034
2022-12-16 20:00:00,16883.0,16642.0,16966.0,16550.0,855.31869564
2022-12-17 00:00:00,16648.0,16697.0,16738.0,16609.0,381.67929964
2022-12-17 04:00:00,16697.0,16775.0,16793.0,16681.0,308.99381587
2022-12-17 08:00:00,16774.0,16726.0,16779.0,16686.0,80.54073449
2022-12-17 12:00:00,16727.0,16713.0,16740.0,16663.0,111.08902017
2022-12-17 16:00:00,16713.0,16710.0,16743.0,16663.0,254.90127655
2022-12-17 20:00:00,16711.0,16793.0,16811.0,16709.0,93.06015746
2022-12-18 00:00:00,16794.0,16756.0,16796.0,16726.0,131.90285039
2022-12-18 04:00:00,16757.0,16764.0,16818.0,16740.0,65.78267597
2022-12-18 08:00:00,16764.0,16721.0,16782.0,16678.0,68.07734997
2022-12-18 12:00:00,16722.0,16696.0,16745.0,16690.0,84.6795866
2022-12-18 16:00:00,16697.0,16764.0,16802.0,16696.0,120.3847286
2022-12-18 20:00:00,16764.0,16755.0,16872.0,16748.0,141.59994573
2022-12-19 00:00:00,16756.0,16696.0,16825.0,16648.0,202.59501339
2022-12-19 04:00:00,16695.0,16736.0,16759.0,16687.0,38.22002484
2022-12-19 08:00:00,16735.0,16745.0,16797.0,16729.0,96.76581895
2022-12-19 12:00:00,16745.0,16674.0,16768.0,16674.0,176.35879604
2022-12-19 16:00:00,16674.0,16564.0,16701.0,16531.0,447.44989266
2022-12-19 20:00:00,16564.0,16447.0,16646.0,16261.0,1075.64853175
2022-12-20 00:00:00,16448.0,16735.0,16850.0,16413.0,341.94263839
2022-12-20 04:00:00,16736.0,16816.0,16890.0,16701.0,324.81938352
2022-12-20 08:00:00,16816.0,16828.0,16870.0,16782.0,119.6170134
2022-12-20 12:00:00,16828.0,16940.0,17066.0,16716.0,422.58719036
2022-12-20 16:00:00,16939.0,16909.0,16947.0,16791.0,163.4032075
2022-12-20 20:00:00,16909.0,16924.0,16937.0,16858.0,88.5149145
2022-12-21 00:00:00,16917.0,16853.0,16934.0,16818.0,95.82596478
2022-12-21 04:00:00,16851.0,16834.0,16868.0,16791.0,74.38419525
2022-12-21 08:00:00,16834.0,16892.0,16905.0,16815.0,100.70488046
2022-12-21 12:00:00,16891.0,16867.0,16930.0,16750.0,184.60467371
2022-12-21 16:00:00,16868.0,16769.0,16872.0,16751.0,261.06570959
2022-12-21 20:00:00,16769.0,16845.0,16845.0,16755.0,72.94047502
2022-12-22 00:00:00,16840.0,16870.0,16870.0,16831.0,33.17507475
2022-12-22 04:00:00,16870.0,16835.0,16873.0,16800.0,35.67156951
2022-12-22 08:00:00,16835.0,16847.0,16872.0,16813.0,34.03558377
2022-12-22 12:00:00,16848.0,16646.0,16854.0,16630.0,375.32588787
2022-12-22 16:00:00,16645.0,16677.0,16684.0,16588.0,121.04664386
2022-12-22 20:00:00,16677.0,16838.0,16868.0,16668.0,168.91381757
2022-12-23 00:00:00,16838.0,16854.0,16907.0,16794.0,72.734109
2022-12-23 04:00:00,16855.0,16872.0,16875.0,16835.0,27.43894283
2022-12-23 08:00:00,16873.0,16872.0,16914.0,16841.0,83.46185714
2022-12-23 12:00:00,16871.0,16860.0,16966.0,16770.0,286.24661201
2022-12-23 16:00:00,16859.0,16874.0,16879.0,16848.0,26.742274690000002
2022-12-23 20:00:00,16874.0,16802.0,16875.0,16797.0,33.24464534
2022-12-24 00:00:00,16802.0,16869.0,16869.0,16802.0,35.10966619
2022-12-24 04:00:00,16868.0,16868.0,16877.0,16832.0,34.5033106
2022-12-24 08:00:00,16869.0,16850.0,16872.0,16849.0,23.63563593
2022-12-24 12:00:00,16850.0,16855.0,16861.0,16848.0,95.02228001
2022-12-24 16:00:00,16855.0,16866.0,16891.0,16848.0,112.86692638
2022-12-24 20:00:00,16866.0,16864.0,16876.0,16842.0,98.66870705
2022-12-25 00:00:00,16864.0,16858.0,16874.0,16852.0,14.7343148
2022-12-25 04:00:00,16858.0,16847.0,16859.0,16828.0,27.96386671
2022-12-25 08:00:00,16848.0,16840.0,16855.0,16835.0,15.69910436
2022-12-25 12:00:00,16839.0,16824.0,16869.0,16723.0,217.56950232
2022-12-25 16:00:00,16825.0,16811.0,16840.0,16755.0,40.18163028
2022-12-25 20:00:00,16811.0,16847.0,16862.0,16783.0,61.27196308
2022-12-26 00:00:00,16848.0,16910.0,16914.0,16843.0,104.72322633
2022-12-26 04:00:00,16911.0,16864.0,16932.0,16859.0,27.76979807
2022-12-26 08:00:00,16864.0,16884.0,16885.0,16843.0,37.89872786
2022-12-26 12:00:00,16884.0,16829.0,16885.0,16814.0,77.15990182
2022-12-26 16:00:00,16830.0,16860.0,16877.0,16822.0,26.47966617
2022-12-26 20:00:00,16860.0,16946.0,16963.0,16845.0,49.06964955
2022-12-27 00:00:00,16947.0,16888.0,16987.0,16866.0,222.47159149
2022-12-27 04:00:00,16894.0,16884.0,16908.0,16881.0,38.26527326
2022-12-27 08:00:00,16885.0,16848.0,16895.0,16827.0,81.07820502
2022-12-27 12:00:00,16849.0,16811.0,16850.0,16759.0,205.17649398
2022-12-27 16:00:00,16811.0,16697.0,16815.0,16617.0,310.74382345
2022-12-27 20:00:00,16697.0,16720.0,16730.0,16675.0,79.99883837
2022-12-28 00:00:00,16719.0,16671.0,16759.0,16575.0,90.29946849
2022-12-28 04:00:00,16670.0,16666.0,16691.0,16606.0,54.22999215
2022-12-28 08:00:00,16666.0,16698.0,16703.0,16647.0,49.03246443
2022-12-28 12:00:00,16698.0,16589.0,16797.0,16586.0,248.66933949
2022-12-28 16:00:00,16588.0,16614.0,16682.0,16583.0,365.81602041
2022-12-28 20:00:00,16614.0,16558.0,16626.0,16444.0,784.38833224
2022-12-29 00:00:00,16558.0,16567.0,16599.0,16505.0,102.55759195
2022-12-29 04:00:00,16568.0,16567.0,16590.0,16552.0,33.7767756
2022-12-29 08:00:00,16568.0,16613.0,16635.0,16536.0,101.62346168
2022-12-29 12:00:00,16613.0,16635.0,16674.0,16610.0,77.57585172
2022-12-29 16:00:00,16635.0,16626.0,16675.0,16611.0,43.9596857
2022-12-29 20:00:00,16625.0,16658.0,16671.0,16586.0,58.10306492
2022-12-30 00:00:00,16658.0,16615.0,16659.0,16602.0,38.38382542
2022-12-30 04:00:00,16615.0,16486.0,16624.0,16454.0,128.44283389
2022-12-30 08:00:00,16485.0,16510.0,16539.0,16472.0,54.20703832
2022-12-30 12:00:00,16510.0,16570.0,16592.0,16358.0,337.87334726
2022-12-30 16:00:00,16570.0,16552.0,16588.0,16534.0,85.76600178
2022-12-30 20:00:00,16552.0,16618.0,16667.0,16544.0,653.4698583
2022-12-31 00:00:00,16618.0,16572.0,16624.0,16571.0,40.13735385
2022-12-31 04:00:00,16572.0,16583.0,16584.0,16552.0,92.34978488
2022-12-31 08:00:00,16584.0,16587.0,16594.0,16563.0,50.32030893
2022-12-31 12:00:00,16588.0,16621.0,16664.0,16572.0,133.87614974
2022-12-31 16:00:00,16621.0,16600.0,16629.0,16600.0,79.91924455
2022-12-31 20:00:00,16600.0,16564.0,16602.0,16507.0,203.0573306
2023-01-01 00:00:00,16569.0,16552.0,16574.0,16541.0,34.01991378
2023-01-01 04:00:00,16553.0,16542.0,16562.0,16517.0,41.17094641
2023-01-01 08:00:00,16542.0,16565.0,16565.0,16524.0,31.60871784
2023-01-01 12:00:00,16565.0,16570.0,16580.0,16555.0,22.24906988
2023-01-01 16:00:00,16570.0,16623.0,16637.0,16570.0,51.76239018
2023-01-01 20:00:00,16622.0,16643.0,16644.0,16619.0,61.69056854
2023-01-02 00:00:00,16643.0,16689.0,16725.0,16584.0,148.89243529
2023-01-02 04:00:00,16689.0,16747.0,16780.0,16647.0,155.2515431
2023-01-02 08:00:00,16749.0,16758.0,16789.0,16737.0,70.8331717
2023-01-02 12:00:00,16759.0,16755.0,16768.0,16696.0,81.24961593
2023-01-02 16:00:00,16755.0,16748.0,16757.0,16729.0,43.30236073
2023-01-02 20:00:00,16749.0,16690.0,16803.0,16680.0,99.82598273
2023-01-03 00:00:00,16689.0,16715.0,16730.0,16671.0,192.08660904
2023-01-03 04:00:00,16714.0,16756.0,16810.0,16712.0,218.03240544
2023-01-03 08:00:00,16756.0,16745.0,16788.0,16731.0,182.60345841
2023-01-03 12:00:00,16745.0,16691.0,16808.0,16639.0,820.02594629
2023-01-03 16:00:00,16690.0,16657.0,16698.0,16625.0,97.25968443
2023-01-03 20:00:00,16657.0,16689.0,16700.0,16657.0,67.91693812
2023-01-04 00:00:00,16689.0,16883.0,16892.0,16671.0,205.01352399
2023-01-04 04:00:00,16884.0,16893.0,16929.0,16864.0,311.86317143
2023-01-04 08:00:00,16893.0,16852.0,16929.0,16850.0,114.61908199
2023-01-04 12:00:00,16852.0,16860.0,16867.0,16777.0,141.78509461
2023-01-04 16:00:00,16862.0,16856.0,17008.0,16807.0,196.45364984
2023-01-04 20:00:00,16856.0,16864.0,16876.0,16792.0,150.70953085
2023-01-05 00:00:00,16864.0,16834.0,16888.0,16823.0,39.24467227
2023-01-05 04:00:00,16834.0,16830.0,16862.0,16806.0,35.15009755
2023-01-05 08:00:00,16830.0,16846.0,16846.0,16795.0,45.13120959
2023-01-05 12:00:00,16847.0,16857.0,16885.0,16775.0,171.6434868
2023-01-05 16:00:00,16858.0,16879.0,16881.0,16813.0,44.40553545
2023-01-05 20:00:00,16880.0,16842.0,16885.0,16833.0,234.22353684
2023-01-06 00:00:00,16842.0,16847.0,16879.0,16818.0,27.53187344
2023-01-06 04:00:00,16846.0,16802.0,16847.0,16796.0,49.50887497
2023-01-06 08:00:00,16801.0,16752.0,16817.0,16722.0,162.00989591
2023-01-06 12:00:00,16752.0,16853.0,16855.0,16687.0,235.49973205
2023-01-06 16:00:00,16854.0,16958.0,16994.0,16825.0,157.26316009
2023-01-06 20:00:00,16959.0,16968.0,17200.0,16878.0,1189.86175939
2023-01-07 00:00:00,16967.0,16964.0,16990.0,16951.0,44.59450458
2023-01-07 04:00:00,16964.0,16954.0,16965.0,16935.0,21.66499018
2023-01-07 08:00:00,16954.0,16933.0,16962.0,16924.0,45.45043347
2023-01-07 12:00:00,16932.0,16953.0,16958.0,16924.0,124.75797203
2023-01-07 16:00:00,16952.0,16955.0,16956.0,16931.0,25.54188848
2023-01-07 20:00:00,16956.0,16958.0,16961.0,16945.0,20.75862984
2023-01-08 00:00:00,16958.0,16953.0,16968.0,16930.0,29.3929479
2023-01-08 04:00:00,16952.0,16971.0,16972.0,16948.0,120.23684448
2023-01-08 08:00:00,16970.0,16952.0,16984.0,16950.0,21.64346143
2023-01-08 12:00:00,16951.0,17027.0,17036.0,16934.0,268.4083132
2023-01-08 16:00:00,17027.0,16942.0,17040.0,16936.0,114.10462363
2023-01-08 20:00:00,16942.0,17140.0,17181.0,16940.0,258.56650663
2023-01-09 00:00:00,17141.0,17214.0,17262.0,17123.0,450.28420742000003
2023-01-09 04:00:00,17214.0,17221.0,17269.0,17198.0,163.6300874
2023-01-09 08:00:00,17221.0,17253.0,17292.0,17209.0,284.26874373
2023-01-09 12:00:00,17253.0,17281.0,17343.0,17205.0,258.1965271
2023-01-09 16:00:00,17282.0,17300.0,17400.0,17281.0,197.23210773
2023-01-09 20:00:00,17302.0,17185.0,17312.0,17132.0,230.56711562
2023-01-10 00:00:00,17186.0,17209.0,17239.0,17155.0,64.85048597
2023-01-10 04:00:00,17209.0,17205.0,17238.0,17198.0,23.28472489
2023-01-10 08:00:00,17204.0,17263.0,17283.0,17198.0,94.82191799
2023-01-10 12:00:00,17263.0,17332.0,17374.0,17218.0,174.55950092
2023-01-10 16:00:00,17335.0,17442.0,17481.0,17297.0,209.41885814
2023-01-10 20:00:00,17442.0,17445.0,17506.0,17397.0,241.42162745
2023-01-11 00:00:00,17446.0,17419.0,17506.0,17358.0,285.95100674
2023-01-11 04:00:00,17419.0,17454.0,17462.0,17392.0,78.32806218
2023-01-11 08:00:00,17454.0,17445.0,17473.0,17417.0,35.51813252
2023-01-11 12:00:00,17444.0,17332.0,17445.0,17316.0,370.27365274
2023-01-11 16:00:00,17332.0,17546.0,17575.0,17322.0,423.70095427
2023-01-11 20:00:00,17547.0,17952.0,18009.0,17510.0,1033.53602153
2023-01-12 00:00:00,17953.0,18226.0,18380.0,17918.0,806.11453428
2023-01-12 04:00:00,18226.0,18138.0,18234.0,18064.0,231.7442234
2023-01-12 08:00:00,18137.0,18203.0,18219.0,18062.0,667.39890101
2023-01-12 12:00:00,18202.0,18091.0,18375.0,17866.0,1689.19239234
2023-01-12 16:00:00,18090.0,18887.0,19046.0,18055.0,1318.94924158
2023-01-12 20:00:00,18889.0,18856.0,19112.0,18775.0,608.13419835
2023-01-13 00:00:00,18855.0,18876.0,18895.0,18725.0,98.81548943
2023-01-13 04:00:00,18877.0,18818.0,18877.0,18784.0,80.5934961
2023-01-13 08:00:00,18818.0,18921.0,19050.0,18810.0,268.06267635
2023-01-13 12:00:00,18921.0,19274.0,19342.0,18815.0,743.96367217
2023-01-13 16:00:00,19273.0,19364.0,19399.0,19062.0,529.88123301
2023-01-13 20:00:00,19365.0,19930.0,20000.0,19332.0,1313.7870639
2023-01-14 00:00:00,19935.0,20976.0,21378.0,19897.0,2367.42604632
2023-01-14 04:00:00,20975.0,20918.0,21026.0,20791.0,524.37780191
2023-01-14 08:00:00,20917.0,20732.0,21033.0,20249.0,841.58832796
2023-01-14 12:00:00,20727.0,20797.0,21221.0,20584.0,1250.13001448
2023-01-14 16:00:00,20793.0,20794.0,20910.0,20665.0,738.21328741
2023-01-14 20:00:00,20793.0,20966.0,21086.0,20768.0,339.93671572
2023-01-15 00:00:00,20964.0,20730.0,21012.0,20566.0,320.94125321
2023-01-15 04:00:00,20730.0,20744.0,20800.0,20679.0,126.67422797
2023-01-15 08:00:00,20741.0,20728.0,20768.0,20577.0,196.09858981
2023-01-15 12:00:00,20730.0,20925.0,21005.0,20671.0,399.17763067
2023-01-15 16:00:00,20932.0,20872.0,21055.0,20671.0,345.94033563
2023-01-15 20:00:00,20873.0,20882.0,20960.0,20756.0,153.03639266
2023-01-16 00:00:00,20882.0,21092.0,21445.0,20781.0,686.38800735
2023-01-16 04:00:00,21088.0,21125.0,21269.0,21061.0,285.09385881
2023-01-16 08:00:00,21126.0,20840.0,21126.0,20674.0,563.59059006
2023-01-16 12:00:00,20839.0,21002.0,21052.0,20639.0,409.79331175
2023-01-16 16:00:00,21003.0,21324.0,21405.0,20934.0,751.11559173
2023-01-16 20:00:00,21324.0,21197.0,21469.0,21076.0,551.97472013
2023-01-17 00:00:00,21198.0,21130.0,21310.0,20853.0,220.40669572
2023-01-17 04:00:00,21129.0,21138.0,21236.0,21071.0,119.7529758
2023-01-17 08:00:00,21138.0,21230.0,21248.0,21090.0,123.81423948
2023-01-17 12:00:00,21233.0,21189.0,21586.0,21011.0,906.28886434
2023-01-17 16:00:00,21188.0,21342.0,21413.0,21088.0,449.47042605
2023-01-17 20:00:00,21343.0,21136.0,21404.0,21128.0,238.20238333
2023-01-18 00:00:00,21136.0,21275.0,21379.0,21115.0,179.28757256
2023-01-18 04:00:00,21275.0,21306.0,21321.0,21242.0,99.37456068
2023-01-18 08:00:00,21307.0,21208.0,21317.0,21172.0,126.48506366
2023-01-18 12:00:00,21207.0,21036.0,21639.0,20845.0,994.26129181
2023-01-18 16:00:00,21037.0,20902.0,21141.0,20408.0,1417.78359454
2023-01-18 20:00:00,20901.0,20684.0,20935.0,20633.0,370.8842407
2023-01-19 00:00:00,20675.0,20755.0,20816.0,20670.0,106.96666287
2023-01-19 04:00:00,20755.0,20816.0,20872.0,20753.0,50.71645149
2023-01-19 08:00:00,20822.0,20749.0,20842.0,20718.0,120.32611905
2023-01-19 12:00:00,20748.0,20879.0,20952.0,20672.0,231.01517581
2023-01-19 16:00:00,20880.0,21099.0,21134.0,20796.0,158.99599833
2023-01-19 20:00:00,21097.0,21080.0,21187.0,20924.0,233.32819759
2023-01-20 00:00:00,21080.0,21088.0,21215.0,21015.0,148.9787865
2023-01-20 04:00:00,21094.0,20959.0,21123.0,20856.0,130.55689098
2023-01-20 08:00:00,20960.0,20969.0,20990.0,20909.0,82.19729176
2023-01-20 12:00:00,20968.0,21142.0,21240.0,20964.0,261.80659837
2023-01-20 16:00:00,21144.0,21502.0,21525.0,21144.0,498.25199972
2023-01-20 20:00:00,21504.0,22670.0,22743.0,21504.0,1763.12880734
2023-01-21 00:00:00,22670.0,22536.0,22791.0,22427.0,493.33777903
2023-01-21 04:00:00,22536.0,22629.0,22660.0,22512.0,350.64343473
2023-01-21 08:00:00,22629.0,22898.0,23300.0,22596.0,1408.81412893
2023-01-21 12:00:00,22894.0,22991.0,23283.0,22850.0,504.9985759
2023-01-21 16:00:00,22983.0,23267.0,23353.0,22970.0,448.63910822
2023-01-21 20:00:00,23282.0,22775.0,23287.0,22684.0,393.99046483
2023-01-22 00:00:00,22775.0,22746.0,22971.0,22579.0,200.21191243
2023-01-22 04:00:00,22746.0,22896.0,22968.0,22722.0,165.87552271
2023-01-22 08:00:00,22895.0,22768.0,22926.0,22734.0,170.13261494
2023-01-22 12:00:00,22769.0,22791.0,23072.0,22639.0,289.56965664
2023-01-22 16:00:00,22791.0,22715.0,22955.0,22691.0,206.35359506
2023-01-22 20:00:00,22717.0,22713.0,22769.0,22310.0,487.83688573
2023-01-23 00:00:00,22713.0,22672.0,22822.0,22662.0,91.22279082
2023-01-23 04:00:00,22669.0,22698.0,22791.0,22610.0,63.06149428
2023-01-23 08:00:00,22698.0,22916.0,22981.0,22676.0,247.17947433
2023-01-23 12:00:00,22916.0,22861.0,23126.0,22497.0,791.62292737
2023-01-23 16:00:00,22862.0,22797.0,23169.0,22650.0,519.03303045
2023-01-23 20:00:00,22795.0,22910.0,23045.0,22766.0,147.27327507
2023-01-24 00:00:00,22912.0,23082.0,23137.0,22857.0,103.64067256
2023-01-24 04:00:00,23082.0,23049.0,23154.0,23018.0,130.86689573
2023-01-24 08:00:00,23051.0,22916.0,23079.0,22770.0,337.94535812
2023-01-24 12:00:00,22916.0,22926.0,23033.0,22703.0,813.34964755
2023-01-24 16:00:00,22927.0,23016.0,23078.0,22784.0,120.19234442
2023-01-24 20:00:00,23019.0,22627.0,23078.0,22437.0,371.23772518
2023-01-25 00:00:00,22627.0,22637.0,22699.0,22324.0,220.11491559
2023-01-25 04:00:00,22637.0,22717.0,22761.0,22605.0,113.68380808
2023-01-25 08:00:00,22712.0,22596.0,22729.0,22477.0,123.66135658
2023-01-25 12:00:00,22596.0,22585.0,22745.0,22345.0,468.60513486
2023-01-25 16:00:00,22585.0,22762.0,22771.0,22524.0,495.4091057
2023-01-25 20:00:00,22762.0,23054.0,23812.0,22762.0,2321.05394992
2023-01-26 00:00:00,23054.0,23136.0,23273.0,23054.0,179.46730076
2023-01-26 04:00:00,23137.0,22973.0,23191.0,22920.0,188.12141252
2023-01-26 08:00:00,22969.0,22980.0,23037.0,22857.0,163.85744245
2023-01-26 12:00:00,22980.0,22948.0,23240.0,22890.0,545.52986189
2023-01-26 16:00:00,22946.0,23056.0,23093.0,22853.0,134.79596395
2023-01-26 20:00:00,23056.0,23004.0,23148.0,22964.0,192.9896286
2023-01-27 00:00:00,23005.0,22769.0,23061.0,22533.0,371.89790016
2023-01-27 04:00:00,22773.0,23070.0,23092.0,22772.0,162.03041846
2023-01-27 08:00:00,23071.0,22955.0,23075.0,22908.0,114.4454673
2023-01-27 12:00:00,22955.0,22941.0,23128.0,22843.0,348.52021848
2023-01-27 16:00:00,22935.0,23250.0,23290.0,22925.0,359.26807143
2023-01-27 20:00:00,23255.0,23067.0,23486.0,22933.0,891.25280844
2023-01-28 00:00:00,23066.0,23110.0,23181.0,23043.0,103.60669455
2023-01-28 04:00:00,23109.0,22987.0,23120.0,22949.0,79.71200624
2023-01-28 08:00:00,22987.0,22975.0,23015.0,22899.0,273.90647044
2023-01-28 12:00:00,22975.0,23016.0,23039.0,22876.0,96.31515889
2023-01-28 16:00:00,23015.0,23039.0,23043.0,22982.0,48.70607448
2023-01-28 20:00:00,23036.0,23029.0,23038.0,22949.0,803.82044895
2023-01-29 00:00:00,23028.0,23186.0,23523.0,23000.0,715.46432938
2023-01-29 04:00:00,23192.0,23198.0,23259.0,23155.0,69.67495933000001
2023-01-29 08:00:00,23198.0,23438.0,23857.0,23155.0,1490.13143241
2023-01-29 12:00:00,23440.0,23545.0,23665.0,23367.0,277.58093916
2023-01-29 16:00:00,23541.0,23915.0,23962.0,23496.0,690.48601051
2023-01-29 20:00:00,23916.0,23746.0,23918.0,23605.0,995.30851745
2023-01-30 00:00:00,23743.0,23678.0,23785.0,23569.0,144.9128051
2023-01-30 04:00:00,23678.0,23641.0,23749.0,23598.0,133.83295137
2023-01-30 08:00:00,23636.0,23070.0,23660.0,23000.0,1243.26425301
2023-01-30 12:00:00,23069.0,23174.0,23296.0,23000.0,446.69373147
2023-01-30 16:00:00,23176.0,22789.0,23237.0,22644.0,697.68839771
2023-01-30 20:00:00,22788.0,22830.0,22843.0,22500.0,284.78243453
2023-01-31 00:00:00,22830.0,22837.0,22907.0,22730.0,82.42517192
2023-01-31 04:00:00,22837.0,22978.0,22985.0,22756.0,79.57638008
2023-01-31 08:00:00,22978.0,22857.0,22993.0,22807.0,189.88780857
2023-01-31 12:00:00,22857.0,23130.0,23216.0,22854.0,561.1084146
2023-01-31 16:00:00,23130.0,23174.0,23270.0,23098.0,308.42206638
2023-01-31 20:00:00,23174.0,23135.0,23297.0,22799.0,766.77623493
2023-02-01 00:00:00,23136.0,23127.0,23179.0,23009.0,97.97683347
2023-02-01 04:00:00,23128.0,23080.0,23161.0,23029.0,95.24027688
2023-02-01 08:00:00,23080.0,23078.0,23097.0,22925.0,125.95169674
